{"train_loss": [8.636974252248287, 8.636060854283775, 8.626454915810054, 8.620653442162897, 8.617885790484443, 8.61756660985841, 8.613834357843167, 8.611072009524326, 8.607684277113684, 8.60609158602628], "val_loss": [8.622173134416473, 8.573385221989394, 8.56194115517962, 8.549862145336434, 8.557029703298511, 8.549108363655456, 8.55180809487422, 8.54619308538312, 8.543338188437916, 8.54406439685405], "train_acc": [0.0001385809312638581, 0.0, 0.0, 0.0001385809312638581, 0.0, 0.0, 0.0001385809312638581, 0.0, 0.0, 0.0], "val_acc": [0.29694323144104806, 0.29694323144104806, 0.29694323144104806, 0.29694323144104806, 0.29694323144104806, 0.29694323144104806, 0.29694323144104806, 0.29694323144104806, 0.29694323144104806, 0.29694323144104806], "epoch_times": [1007.8904948234558, 1003.8407924175262, 1026.9851233959198, 1031.5993757247925, 1086.3694701194763, 1022.5422260761261, 1004.3186054229736, 998.9459099769592, 995.5681257247925, 999.0517237186432], "total_time_seconds": 10177.23935675621}